[
    {
      "_comment": "datalist",
      "_comment2": "连接关系"
    },
    {
        "ID": 1,
        "IP": "localhost",
        "PORT": [
            10000,
            10001,
            10002,
            10003,
            10004,
            10005,
            10006
        ],
        "adjID": [
            2,
            5
        ],
        "adjDirection": [
            1,
            2
        ],
        "datalist": [[2,5],[1,0,0,0],"A", 1]
    },
    {
        "ID": 2,
        "IP": "localhost",
        "PORT": [
            10007,
            10008,
            10009,
            10010,
            10011,
            10012,
            10013
        ],
        "adjID": [
            1,
            3,
            6
        ],
        "adjDirection": [
            1,
            2,
            3
        ],
        "datalist": [[1,3,6],[0,0,0,0],"A", 0]
    },
    {
        "ID": 3,
        "IP": "localhost",
        "PORT": [
            10014,
            10015,
            10016,
            10017,
            10018,
            10019,
            10020
        ],
        "adjID": [
            2,
            4,
            7
        ],
        "adjDirection": [
            1,
            2,
            3
        ],
        "datalist": [[2,4,7],[0,1,0,0],"A", 0]
    },
    {
        "ID": 4,
        "IP": "localhost",
        "PORT": [
            10021,
            10022,
            10023,
            10024,
            10025,
            10026,
            10027
        ],
        "adjID": [
            3,
            8
        ],
        "adjDirection": [
            1,
            2
        ],
        "datalist": [[3,8],[0,0,0,0],"C", 0]
    },
    {
        "ID": 5,
        "IP": "localhost",
        "PORT": [
            10028,
            10029,
            10030,
            10031,
            10032,
            10033,
            10034
        ],
        "adjID": [
            1,
            6,
            9
        ],
        "adjDirection": [
            1,
            2,
            3
        ],
        "datalist": [[1,6,9],[0,0,0,0],"B", 0]
    },
    {
        "ID": 6,
        "IP": "localhost",
        "PORT": [
            10035,
            10036,
            10037,
            10038,
            10039,
            10040,
            10041
        ],
        "adjID": [
            2,
            5,
            7,
            10
        ],
        "adjDirection": [
            1,
            2,
            3,
            4
        ],
        "datalist": [[2,5,7,10],[0,0,0,0],"B", 0]
    },
    {
        "ID": 7,
        "IP": "localhost",
        "PORT": [
            10042,
            10043,
            10044,
            10045,
            10046,
            10047,
            10048
        ],
        "adjID": [
            3,
            6,
            8,
            11
        ],
        "adjDirection": [
            1,
            2,
            3,
            4
        ],
        "datalist": [[3,6,8,11],[0,0,0,0],"B", 0]
    },
    {
        "ID": 8,
        "IP": "localhost",
        "PORT": [
            10049,
            10050,
            10051,
            10052,
            10053,
            10054,
            10055
        ],
        "adjID": [
            4,
            7,
            12
        ],
        "adjDirection": [
            1,
            2,
            3
        ],
        "datalist": [[4,7,12],[0,0,0,0],"B", 0]
    },
    {
        "ID": 9,
        "IP": "localhost",
        "PORT": [
            10056,
            10057,
            10058,
            10059,
            10060,
            10061,
            10062
        ],
        "adjID": [
            5,
            10,
            13
        ],
        "adjDirection": [
            1,
            2,
            3
        ],
        "datalist": [[5,10,13],[0,0,0,0],"C", 0]
    },
   {
        "ID": 10,
        "IP": "localhost",
        "PORT": [
            10063,
            10064,
            10065,
            10066,
            10067,
            10068,
            10069
        ],
        "adjID": [
            6,
            9,
            11,
            14
        ],
        "adjDirection": [
            1,
            2,
            3,
            4
        ],
        "datalist": [[6,9,11,14],[0,0,0,0],"C", 0]
    },
    {
        "ID": 11,
        "IP": "localhost",
        "PORT": [
            10070,
            10071,
            10072,
            10073,
            10074,
            10075,
            10076
        ],
        "adjID": [
            7,
            10,
            12,
            15
        ],
        "adjDirection": [
            1,
            2,
            3,
            4
        ],
        "datalist": [[7,10,12,15],[0,0,0,0],"C", 0]
    },
    {
        "ID": 12,
        "IP": "localhost",
        "PORT": [
            10077,
            10078,
            10079,
            10080,
            10081,
            10082,
            10083
        ],
        "adjID": [
            8,
            11,
            16
        ],
        "adjDirection": [
            1,
            2,
            3
        ],
        "datalist": [[8,11,16],[0,0,0,0],"C", 0]
    },
    {
        "ID": 13,
        "IP": "localhost",
        "PORT": [
            10084,
            10085,
            10086,
            10087,
            10088,
            10089,
            10090
        ],
        "adjID": [
            9,
            14
        ],
        "adjDirection": [
            1,
            2
        ],
        "datalist": [[9,14],[0,0,0,0],"D", 0]
    },
    {
        "ID": 14,
        "IP": "localhost",
        "PORT": [
            10091,
            10092,
            10093,
            10094,
            10095,
            10096,
            10097
        ],
        "adjID": [
            10,
            13,
            15
        ],
        "adjDirection": [
            1,
            2,
            3
        ],
        "datalist": [[10,13,15],[0,0,0,0],"D", 0]
    },
    {
        "ID": 15,
        "IP": "localhost",
        "PORT": [
            10098,
            10099,
            10100,
            10101,
            10102,
            10103,
            10104
        ],
        "adjID": [
            11,
            14,
            16
        ],
        "adjDirection": [
            1,
            2,
            3
        ],
        "datalist": [[11, 14, 16],[0,0,0,0],"D", 0]
    },
    {
        "ID": 16,
        "IP": "localhost",
        "PORT": [
            10105,
            10106,
            10107,
            10108,
            10109,
            10110,
            10111
        ],
        "adjID": [
            12,
            15
        ],
        "adjDirection": [
            1,
            2
        ],
        "datalist": [[12,15],[0,0,0,0],"D",-1]
    }
]